{
 "analysis":{
   "authors":"Sergei L Kosakovsky Pond, Ben Murrell, Steven Weaver and Temple iGEM / UCSD viral evolution group",
   "citation":"Less Is More: An Adaptive Branch-Site Random Effects Model for Efficient Detection of Episodic Diversifying Selection (2015). Mol Biol Evol 32 (5): 1342-1353",
   "contact":"spond@temple.edu",
   "info":"aBSREL (Adaptive branch-site random effects likelihood)\n                            uses an adaptive random effects branch-site model framework\n                            to test whether each branch has evolved under positive selection,\n                            using a procedure which infers an optimal number of rate categories per branch.",
   "requirements":"in-frame codon alignment and a phylogenetic tree",
   "version":"2.1"
  },
 "branch attributes":{
   "0":{
     "AT1G77080_8":{
       "Baseline MG94xREV":0.05731964630591235,
       "Baseline MG94xREV omega ratio":0.8743199726599987,
       "Corrected P-value":1,
       "Full adaptive model":0.05634759319182504,
       "LRT":0,
       "Nucleotide GTR":0.05748417061299907,
       "Rate Distributions":        [
[0.8622882426365559, 1] 
        ],
       "Rate classes":1,
       "Uncorrected P-value":1,
       "original name":"AT1G77080.8"
      },
     "AT5G10140_1":{
       "Baseline MG94xREV":0.2408035777188174,
       "Baseline MG94xREV omega ratio":0.4231605222014306,
       "Corrected P-value":0.3455499084078153,
       "Full adaptive model":0.1375149620923907,
       "LRT":4.27169674543984,
       "Nucleotide GTR":0.2302453749577913,
       "Rate Distributions":        [
[0.2683903901296632, 0.9039822420099153],
        [8.611767335809088, 0.09601775799008472] 
        ],
       "Rate classes":2,
       "Uncorrected P-value":0.04319373855097691,
       "original name":"AT5G10140.1"
      },
     "AT5G65050_3":{
       "Baseline MG94xREV":0.04309966755630513,
       "Baseline MG94xREV omega ratio":0.7686777560232219,
       "Corrected P-value":1,
       "Full adaptive model":0.04305601466049885,
       "LRT":0,
       "Nucleotide GTR":0.04344970532143777,
       "Rate Distributions":        [
[0.7727861084337259, 1] 
        ],
       "Rate classes":1,
       "Uncorrected P-value":1,
       "original name":"AT5G65050.3"
      },
     "AT5G65060_1":{
       "Baseline MG94xREV":0.02448755869524265,
       "Baseline MG94xREV omega ratio":0.5984030417092899,
       "Corrected P-value":1,
       "Full adaptive model":0.02454560083531122,
       "LRT":0,
       "Nucleotide GTR":0.02418151467203034,
       "Rate Distributions":        [
[0.6039042778234704, 1] 
        ],
       "Rate classes":1,
       "Uncorrected P-value":1,
       "original name":"AT5G65060.1"
      },
     "AT5G65070_3":{
       "Baseline MG94xREV":0.07568392350140973,
       "Baseline MG94xREV omega ratio":0.8081680344192734,
       "Corrected P-value":1,
       "Full adaptive model":0.07538742419995152,
       "LRT":0,
       "Nucleotide GTR":0.07715726968522627,
       "Rate Distributions":        [
[0.8051394268524816, 1] 
        ],
       "Rate classes":1,
       "Uncorrected P-value":1,
       "original name":"AT5G65070.3"
      },
     "AT5G65080_2":{
       "Baseline MG94xREV":0.1492852652280712,
       "Baseline MG94xREV omega ratio":1.024294241641077,
       "Corrected P-value":0.0005307996725316677,
       "Full adaptive model":0.1085702570194249,
       "LRT":17.29811251494812,
       "Nucleotide GTR":0.14738267352654,
       "Rate Distributions":        [
[0.6548406963679523, 0.8943589511659727],
        [28.87992860930217, 0.1056410488340273] 
        ],
       "Rate classes":2,
       "Uncorrected P-value":5.897774139240752e-05,
       "original name":"AT5G65080.2"
      },
     "Node2":{
       "Baseline MG94xREV":0.03837770752889003,
       "Baseline MG94xREV omega ratio":1.311880281357676,
       "Corrected P-value":1,
       "Full adaptive model":0.03610958826256173,
       "LRT":0.04200718995161878,
       "Nucleotide GTR":0.04074790426776371,
       "Rate Distributions":        [
[1.196993121807246, 1] 
        ],
       "Rate classes":1,
       "Uncorrected P-value":0.461285846796698
      },
     "Node4":{
       "Baseline MG94xREV":0.03879101864417274,
       "Baseline MG94xREV omega ratio":1.288937507798719,
       "Corrected P-value":1,
       "Full adaptive model":0.03998578072704591,
       "LRT":0.2332995032575127,
       "Nucleotide GTR":0.0381883676144821,
       "Rate Distributions":        [
[1.329768387061406, 1] 
        ],
       "Rate classes":1,
       "Uncorrected P-value":0.3927866502785967
      },
     "Node7":{
       "Baseline MG94xREV":0.06094659211990645,
       "Baseline MG94xREV omega ratio":0.3257480905070265,
       "Corrected P-value":1,
       "Full adaptive model":0.0645309180788663,
       "LRT":0,
       "Nucleotide GTR":0.0569617796523999,
       "Rate Distributions":        [
[0.3692645116579645, 1] 
        ],
       "Rate classes":1,
       "Uncorrected P-value":1
      }
    },
   "attributes":{
     "Baseline MG94xREV":{
       "attribute type":"branch length",
       "display order":1
      },
     "Baseline MG94xREV omega ratio":{
       "attribute type":"branch label",
       "display order":1
      },
     "Corrected P-value":{
       "attribute type":"branch label",
       "display order":6
      },
     "Full adaptive model":{
       "attribute type":"branch length",
       "display order":2
      },
     "LRT":{
       "attribute type":"branch label",
       "display order":4
      },
     "Nucleotide GTR":{
       "attribute type":"branch length",
       "display order":0
      },
     "Rate Distributions":{
       "attribute type":"branch label",
       "display order":3
      },
     "Rate classes":{
       "attribute type":"branch label",
       "display order":2
      },
     "Uncorrected P-value":{
       "attribute type":"branch label",
       "display order":5
      },
     "original name":{
       "attribute type":"node label",
       "display order":-1
      }
    }
  },
 "data partitions":{
   "0":{
     "coverage":      [
[0, 1, 2, 3, 4, 5, 6, 7, 8, 9, 10, 11, 12, 13, 14, 15, 16, 17, 18, 19, 20, 21, 22, 23, 24, 25, 26, 27, 28, 29, 30, 31, 32, 33, 34, 35, 36, 37, 38, 39, 40, 41, 42, 43, 44, 45, 46, 47, 48, 49, 50, 51, 52, 53, 54, 55, 56, 57, 58, 59, 60, 61, 62, 63, 64, 65, 66, 67, 68, 69, 70, 71, 72, 73, 74, 75, 76, 77, 78, 79, 80, 81, 82, 83, 84, 85, 86, 87, 88, 89, 90, 91, 92, 93, 94, 95, 96, 97, 98, 99, 100, 101, 102, 103, 104, 105, 106, 107, 108, 109, 110, 111, 112, 113, 114, 115, 116, 117, 118, 119, 120, 121, 122, 123, 124, 125, 126, 127, 128, 129, 130, 131, 132, 133, 134, 135, 136, 137, 138, 139, 140, 141, 142, 143, 144, 145, 146, 147, 148, 149, 150, 151, 152, 153, 154, 155, 156, 157, 158, 159, 160, 161, 162, 163, 164, 165, 166, 167, 168, 169, 170, 171, 172, 173, 174, 175, 176, 177, 178, 179, 180, 181, 182, 183, 184, 185, 186, 187, 188, 189, 190, 191, 192, 193, 194, 195, 196, 197, 198, 199, 200, 201, 202, 203, 204, 205, 206, 207, 208, 209, 210, 211, 212, 213, 214, 215, 216, 217, 218, 219, 220, 221, 222, 223, 224, 225, 226, 227, 228, 229, 230, 231, 232, 233, 234, 235, 236, 237, 238, 239, 240, 241, 242, 243, 244, 245, 246, 247, 248, 249, 250, 251, 252, 253, 254, 255, 256, 257, 258, 259, 260, 261, 262, 263, 264, 265, 266] 
      ],
     "name":"absrel.filter.default"
    }
  },
 "fits":{
   "Baseline MG94xREV":{
     "AIC-c":5354.136085797306,