{
 "analysis":{
   "authors":"Sergei L Kosakovsky Pond, Ben Murrell, Steven Weaver and Temple iGEM / UCSD viral evolution group",
   "citation":"Less Is More: An Adaptive Branch-Site Random Effects Model for Efficient Detection of Episodic Diversifying Selection (2015). Mol Biol Evol 32 (5): 1342-1353",
   "contact":"spond@temple.edu",
   "info":"aBSREL (Adaptive branch-site random effects likelihood)\n                            uses an adaptive random effects branch-site model framework\n                            to test whether each branch has evolved under positive selection,\n                            using a procedure which infers an optimal number of rate categories per branch.",
   "requirements":"in-frame codon alignment and a phylogenetic tree",
   "version":"2.1"
  },
 "branch attributes":{
   "0":{
     "AT1G51430_1":{
       "Baseline MG94xREV":0.4907902657868272,
       "Baseline MG94xREV omega ratio":0.9473394672694939,
       "Corrected P-value":0.005420859041880166,
       "Full adaptive model":1.248649668576388e+23,
       "LRT":14.05825014221045,
       "Nucleotide GTR":0.4973248501770794,
       "Rate Distributions":        [
[0.918881498834484, 0.5770717018675086],
        [1e+25, 0.4229282981324914] 
        ],
       "Rate classes":2,
       "Uncorrected P-value":0.0003011588356600092,
       "original name":"AT1G51430.1"
      },
     "AT3G28370_5":{
       "Baseline MG94xREV":0.1316414808705217,
       "Baseline MG94xREV omega ratio":0.1350057808127215,
       "Corrected P-value":1,
       "Full adaptive model":0.1182830978226417,
       "LRT":0,
       "Nucleotide GTR":0.1001909758849755,
       "Rate Distributions":        [
[0.05514404318152376, 1] 
        ],
       "Rate classes":1,
       "Uncorrected P-value":1,
       "original name":"AT3G28370.5"
      },
     "AagrBONN_344_2437_1":{
       "Baseline MG94xREV":1433.084042849277,
       "Baseline MG94xREV omega ratio":0.0001139026954209898,
       "Corrected P-value":1,
       "Full adaptive model":1314.770114335877,
       "LRT":0,
       "Nucleotide GTR":0.8300152850890442,
       "Rate Distributions":        [
[0.0001292069266881529, 1] 
        ],
       "Rate classes":1,
       "Uncorrected P-value":1,
       "original name":"AagrBONN_344.2437.1"
      },
     "AmTr_v6_0_c10_12880_1":{
       "Baseline MG94xREV":0.8262560243991729,
       "Baseline MG94xREV omega ratio":0.5577291866988128,
       "Corrected P-value":0.08995408666952986,
       "Full adaptive model":385.7919338326415,
       "LRT":8.264656145100162,
       "Nucleotide GTR":0.7761923962011394,
       "Rate Distributions":        [
[0.2598166798921887, 0.4870217033129186],
        [5002.605802293429, 0.5129782966870815] 
        ],
       "Rate classes":2,
       "Uncorrected P-value":0.005622130416845617,
       "original name":"AmTr_v6.0_c10.12880.1"
      },
     "AmTr_v6_0_c10_12890_1":{
       "Baseline MG94xREV":0.9798470484210827,
       "Baseline MG94xREV omega ratio":0.7136392288767023,
       "Corrected P-value":1,
       "Full adaptive model":1.095774542895081,
       "LRT":0,
       "Nucleotide GTR":0.8710209254454532,
       "Rate Distributions":        [
[0.6157377295102886, 1] 
        ],
       "Rate classes":1,
       "Uncorrected P-value":1,
       "original name":"AmTr_v6.0_c10.12890.1"
      },
     "LOC_Os06g12940_1":{
       "Baseline MG94xREV":0.4347651650374251,
       "Baseline MG94xREV omega ratio":1.310742257432613,
       "Corrected P-value":4.275796383623742e-11,
       "Full adaptive model":1.146563037044398,
       "LRT":51.57241635581522,
       "Nucleotide GTR":0.4257253068815371,
       "Rate Distributions":        [
[1, 0.6291756518234231],
        [94.5636918902095, 0.3708243481765769] 
        ],
       "Rate classes":2,
       "Uncorrected P-value":2.036093516011306e-12,
       "original name":"LOC_Os06g12940.1"
      },
     "LOC_Os06g13580_1":{
       "Baseline MG94xREV":0.1520785749029406,
       "Baseline MG94xREV omega ratio":0.8656926719068868,
       "Corrected P-value":0.0001083105662659234,
       "Full adaptive model":0.245211360659645,
       "LRT":21.94877309591175,
       "Nucleotide GTR":0.1525926241648977,
       "Rate Distributions":        [
[0.2185714515431608, 0.8450673812760596],
        [69.0224902517176, 0.1549326187239404] 
        ],
       "Rate classes":2,
       "Uncorrected P-value":5.700556119259126e-06,
       "original name":"LOC_Os06g13580.1"
      },
     "Node11":{
       "Baseline MG94xREV":0.1396634327903747,
       "Baseline MG94xREV omega ratio":0.264478198216434,
       "Corrected P-value":1,
       "Full adaptive model":0.08211631168633583,
       "LRT":0.3248572274096659,
       "Nucleotide GTR":0.1144611488242202,
       "Rate Distributions":        [
[0, 0.8453079764739241],
        [1.665908576855321, 0.1546920235260759] 
        ],
       "Rate classes":2,
       "Uncorrected P-value":0.3687636609651494
      },
     "Node12":{
       "Baseline MG94xREV":0.1499602607339205,
       "Baseline MG94xREV omega ratio":0.3934993570035241,
       "Corrected P-value":1,
       "Full adaptive model":0.1479048743554984,
       "LRT":0,
       "Nucleotide GTR":0.1259557000197872,
       "Rate Distributions":        [
[0.3905586099855654, 1] 
        ],
       "Rate classes":1,
       "Uncorrected P-value":1
      },
     "Node15":{
       "Baseline MG94xREV":0.1100340661301663,
       "Baseline MG94xREV omega ratio":0.7123141854091014,
       "Corrected P-value":1,
       "Full adaptive model":0.05106729039681401,
       "LRT":2.064680925614084,
       "Nucleotide GTR":0.1217141407052063,
       "Rate Distributions":        [
[0, 0.7324634239911219],
        [3.290392551242692, 0.2675365760088781] 
        ],
       "Rate classes":2,
       "Uncorrected P-value":0.1370010083553773
      },
     "Node19":{
       "Baseline MG94xREV":0.1819304253747681,
       "Baseline MG94xREV omega ratio":0.4401294871247578,
       "Corrected P-value":1,
       "Full adaptive model":0.1247248982775868,
       "LRT":2.866006325220951,
       "Nucleotide GTR":0.157835942262392,
       "Rate Distributions":        [
[0.3209438599622974, 0.8079066537603415],
        [8.048416396459587, 0.1920933462396585] 
        ],
       "Rate classes":2,
       "Uncorrected P-value":0.08967121709369147
      },
     "Node2":{
       "Baseline MG94xREV":0.08179451928515963,
       "Baseline MG94xREV omega ratio":10000000000,
       "Corrected P-value":1,
       "Full adaptive model":0.04785651007179811,
       "LRT":0.1689056871364301,
       "Nucleotide GTR":0.05178468722965465,
       "Rate Distributions":        [
[10000000000, 1] 
        ],
       "Rate classes":1,
       "Uncorrected P-value":0.4119217365209373
      },
     "Node3":{
       "Baseline MG94xREV":0.1073922000391056,
       "Baseline MG94xREV omega ratio":0.05417154718360963,
       "Corrected P-value":1,
       "Full adaptive model":0.06676308870318685,
       "LRT":0,
       "Nucleotide GTR":0.0968032159449852,
       "Rate Distributions":        [
[0.08091074058681795, 1] 
        ],
       "Rate classes":1,
       "Uncorrected P-value":1
      },
     "Node4":{
       "Baseline MG94xREV":0.05889887066592861,
       "Baseline MG94xREV omega ratio":10000000000,
       "Corrected P-value":1,
       "Full adaptive model":0.02998502300669459,
       "LRT":0.03971929370527505,
       "Nucleotide GTR":0.09496299463254858,
       "Rate Distributions":        [
[10000000000, 1] 
        ],
       "Rate classes":1,
       "Uncorrected P-value":0.4625069624306037
      },
     "Node6":{
       "Baseline MG94xREV":0.6170484442259027,
       "Baseline MG94xREV omega ratio":0.1477967275527579,
       "Corrected P-value":1,
       "Full adaptive model":0.2398492103652793,
       "LRT":0,
       "Nucleotide GTR":0.3424331993763327,
       "Rate Distributions":        [
[0, 0.5406793559064915],
        [0.6559315331995174, 0.4593206440935085] 
        ],
       "Rate classes":2,